{"cameraMode":{"drawMode":0,"name":"Shaded","section":"Shading Mode"},"sceneLighting":true,"audioPlay":false,"sceneViewState":{"m_AlwaysRefresh":false,"showFog":true,"showSkybox":true,"showFlares":true,"showImageEffects":true,"showParticleSystems":true,"showVisualEffectGraphs":true,"m_FxEnabled":true},"in2DMode":false,"pivot":{"x":1.7348514795303345,"y":-0.2775479555130005,"z":-0.7620724439620972},"rotation":{"x":-0.056346677243709567,"y":0.7777609825134277,"z":-0.07042430341243744,"w":-0.6221430897712708},"size":4.891645908355713,"orthographic":false}